{
  "gets": [
    {
      "id": 1,
      "evaluation": {
        "prediction": 0.8953123688697815,
        "tokenized_sent": [
          "cade",
          "corridoio",
          "ematoma",
          "arcata",
          "sopracigliare",
          "dx",
          "probabile",
          "frattura",
          "omero",
          "dx"
        ],
        "att_weights": [
          0.16691817,
          0.0639012,
          0.08803333,
          0.11443468,
          0.04415029,
          0.08719174,
          0.09190213,
          0.13607827,
          0.04179446,
          0.07684023
        ]
      },
      "important": {
        "prediction": 0.8953123688697815,
        "tokenized_sent": [
          "cade",
          "corridoio",
          "ematoma",
          "arcata",
          "sopracigliare",
          "dx",
          "probabile",
          "frattura",
          "omero",
          "dx"
        ],
        "att_weights": [
          0.16691817,
          0.0639012,
          0.08803333,
          0.11443468,
          0.04415029,
          0.08719174,
          0.09190213,
          0.13607827,
          0.04179446,
          0.07684023
        ]
      }
    },
    {
      "id": 2,
      "prediction": 0.8046288490295409,
      "tokenized_sent": [
        "rielaborata",
        "braden",
        "punteggio",
        "rischio",
        "alto",
        "uso",
        "mad",
        "calendario",
        "posturale",
        "controllare",
        "paio"
      ],
      "att_weights": [
        0.03654799,
        0.07883465,
        0.06109378,
        0.12859535,
        0.10776435,
        0.0598223,
        0.07010795,
        0.06560503,
        0.08933738,
        0.16648962,
        0.07920638
      ]
    },
    {
      "id": 3,
      "prediction": 0.9361493587493896,
      "tokenized_sent": [
        "ospite",
        "sofferente",
        "agonica",
        "desaturazione",
        "respiro",
        "pausato",
        "progressivo",
        "calo",
        "imposta",
        "morfina",
        "sc"
      ],
      "att_weights": [
        0.1917179,
        0.29476184,
        0.20063579,
        0.30580986,
        0.13635094,
        0.06751585,
        0.1048669,
        0.08485363,
        0.15171096,
        0.13276553,
        0.1859118
      ]
    },
    {
      "id": 4,
      "evaluation": {
        "prediction": 0.9202781915664672,
        "threshold": 0.5,
        "tokenized_sent": [
          "vengo",
          "allertata",
          "educatrice",
          "carsana",
          "poichè",
          "paziente",
          "presenta",
          "postura",
          "scorretta",
          "pasto",
          "arrivo",
          "arto",
          "superiore",
          "sinistro",
          "tendenzialmente",
          "ipostenico",
          "seppur",
          "risponde",
          "comando",
          "stringa",
          "mano",
          "sollevi",
          "braccio",
          "appena",
          "terminato",
          "pasto",
          "invito",
          "alzarsi",
          "valutarla",
          "letto",
          "riscontro",
          "impaccio",
          "motorio",
          "atassia",
          "marcia",
          "tendenza",
          "lateropulsione",
          "freezing",
          "sinistra",
          "non",
          "apparenti",
          "deficit",
          "non",
          "disartria",
          "pz",
          "confabulante",
          "pa",
          "mmhg",
          "sospetto",
          "evento",
          "ischemico",
          "ingravescente",
          "invia",
          "ps",
          "accertamenti",
          "avvisano",
          "famigliari",
          "nuora",
          "rivalutare",
          "base",
          "condizioni",
          "cliniche",
          "rientro",
          "struttura",
          "tutele"
        ],
        "att_weights": [
          0.0285845,
          0.01544119,
          0.01651208,
          0.0111541,
          0.01500818,
          0.02213673,
          0.02940428,
          0.02145287,
          0.01166289,
          0.02072833,
          0.01774385,
          0.01726314,
          0.01104801,
          0.01355213,
          0.01543814,
          0.00659403,
          0.00920195,
          0.01052651,
          0.00548522,
          0.00550046,
          0.01002134,
          0.00970881,
          0.01317397,
          0.01365804,
          0.01567312,
          0.01827135,
          0.00626605,
          0.01224287,
          0.00700137,
          0.01901242,
          0.01013727,
          0.00483203,
          0.0066265,
          0.00658945,
          0.01333857,
          0.01148865,
          0.01743977,
          0.01061723,
          0.01122302,
          0.00964528,
          0.01041136,
          0.02607922,
          0.0169476,
          0.01706214,
          0.02553,
          0.03441729,
          0.04425494,
          0.05329686,
          0.07493792,
          0.04420814,
          0.05479384,
          0.06092566,
          0.07034089,
          0.08029217,
          0.05166334,
          0.0688566,
          0.02398386,
          0.02630549,
          0.03359304,
          0.02989816,
          0.03754487,
          0.04374465,
          0.0382149,
          0.05504877,
          0.0247321
        ]
      },
      "important": {
        "prediction": 0.3202781915664672,
        "threshold": 0.5,
        "tokenized_sent": [
          "vengo",
          "allertata",
          "educatrice",
          "carsana",
          "poichè",
          "paziente",
          "presenta",
          "postura",
          "scorretta",
          "pasto",
          "arrivo",
          "arto",
          "superiore",
          "sinistro",
          "tendenzialmente",
          "ipostenico",
          "seppur",
          "risponde",
          "comando",
          "stringa",
          "mano",
          "sollevi",
          "braccio",
          "appena",
          "terminato",
          "pasto",
          "invito",
          "alzarsi",
          "valutarla",
          "letto",
          "riscontro",
          "impaccio",
          "motorio",
          "atassia",
          "marcia",
          "tendenza",
          "lateropulsione",
          "freezing",
          "sinistra",
          "non",
          "apparenti",
          "deficit",
          "non",
          "disartria",
          "pz",
          "confabulante",
          "pa",
          "mmhg",
          "sospetto",
          "evento",
          "ischemico",
          "ingravescente",
          "invia",
          "ps",
          "accertamenti",
          "avvisano",
          "famigliari",
          "nuora",
          "rivalutare",
          "base",
          "condizioni",
          "cliniche",
          "rientro",
          "struttura",
          "tutele"
        ],