{
  "gets": [
    {
      "id": 1,
      "prediction": 0.6564946174621582,
      "tokenized_sent": [
        "pz",
        "apiretico",
        "nota",
        "rossore",
        "viva",
        "dolorabilità",
        "livello",
        "scrotale",
        "possibile",
        "infezione",
        "ascesso",
        "sede",
        "pz",
        "attualmente",
        "terapia",
        "antibiotica",
        "pertanto",
        "rimando",
        "medico",
        "reparto",
        "eventuali",
        "modifiche",
        "terapia",
        "altre",
        "decisioni"
      ],
      "att_weights": [
        0.06362731,
        0.05795274,
        0.10198121,
        0.02811389,
        0.02167447,
        0.04719029,
        0.0408252,
        0.04838853,
        0.03239875,
        0.06270155,
        0.04252083,
        0.07308872,
        0.07054079,
        0.07996625,
        0.09504102,
        0.11296618,
        0.10223515,
        0.05515288,
        0.08663175,
        0.11925483,
        0.08131954,
        0.10716158,
        0.11523387,
        0.1424412,
        0.02675961
      ]
    },
    {
      "id": 2,
      "prediction": 0.9338634610176086,
      "tokenized_sent": [
        "ospite",
        "condizioni",
        "cliniche",
        "critiche",
        "soporosa",
        "non",
        "contattabile",
        "pomeriggio",
        "respiro",
        "superficiale",
        "non",
        "somministrata",
        "terapia",
        "os",
        "osservazione"
      ],
      "att_weights": [
        0.08170018,
        0.09024356,
        0.10332014,
        0.11788858,
        0.12979256,
        0.03774205,
        0.08062754,
        0.02497329,
        0.05474913,
        0.10590457,
        0.0347243,
        0.03852186,
        0.03264189,
        0.03897953,
        0.0985937
      ]
    },
    {
      "id": 3,
      "prediction": 0.3858904838562012,
      "tokenized_sent": [
        "ospite",
        "stazionaria",
        "mattinata",
        "alimenta",
        "idrata",
        "adeguatamente",
        "pasti",
        "apiretica",
        "controlli",
        "spo",
        "norma"
      ],
      "att_weights": [
        0.06073732,
        0.06667828,
        0.03317492,
        0.0182349,
        0.02902271,
        0.08053857,
        0.03814128,
        0.0498059,
        0.06476358,
        0.12798028,
        0.14130181
      ]
    },
    {
      "id": 4,
      "prediction": 0.9338634610176086,
      "tokenized_sent": [
        "vengo",
        "allertata",
        "educatrice",
        "carsana",
        "poichè",
        "paziente",
        "presenta",
        "postura",
        "scorretta",
        "pasto",
        "arrivo",
        "arto",
        "superiore",
        "sinistro",
        "tendenzialmente",
        "ipostenico",
        "seppur",
        "risponde",
        "comando",
        "stringa",
        "mano",
        "sollevi",
        "braccio",
        "appena",
        "terminato",
        "pasto",
        "invito",
        "alzarsi",
        "valutarla",
        "letto",
        "riscontro",
        "impaccio",
        "motorio",
        "atassia",
        "marcia",
        "tendenza",
        "lateropulsione",
        "freezing",
        "sinistra",
        "non",
        "apparenti",
        "deficit",
        "non",
        "disartria",
        "pz",
        "confabulante",
        "pa",
        "mmhg",
        "sospetto",
        "evento",
        "ischemico",
        "ingravescente",
        "invia",
        "ps",
        "accertamenti",
        "avvisano",
        "famigliari",
        "nuora",
        "rivalutare",
        "base",
        "condizioni",
        "cliniche",
        "rientro",
        "struttura",
        "tutele"
      ],
      "att_weights": [
        0.0285845,
        0.01544119,
        0.01651208,
        0.0111541,
        0.01500818,
        0.02213673,
        0.02940428,
        0.02145287,
        0.01166289,
        0.02072833,
        0.01774385,
        0.01726314,
        0.01104801,
        0.01355213,
        0.01543814,
        0.00659403,
        0.00920195,
        0.01052651,
        0.00548522,
        0.00550046,
        0.01002134,
        0.00970881,
        0.01317397,
        0.01365804,
        0.01567312,
        0.01827135,
        0.00626605,
        0.01224287,
        0.00700137,
        0.01901242,
        0.01013727,
        0.00483203,
        0.0066265,
        0.00658945,
        0.01333857,
        0.01148865,
        0.01743977,
        0.01061723,
        0.01122302,
        0.00964528,
        0.01041136,
        0.02607922,
        0.0169476,
        0.01706214,
        0.02553,
        0.03441729,
        0.04425494,
        0.05329686,
        0.07493792,
        0.04420814,
        0.05479384,
        0.06092566,
        0.07034089,
        0.08029217,
        0.05166334,
        0.0688566,
        0.02398386,
        0.02630549,
        0.03359304,
        0.02989816,
        0.03754487,
        0.04374465,
        0.0382149,
        0.05504877,
        0.0247321
      ]
    }
  ]
}
