{
  "gets": [
    {
      "id": 1,
      "modelEvaluation": 1,
      "attentions": [
        0.44552648510494086,
        0.8995058577926802,
        0.9715852799399574,
        0.6588204807267893,
        0.19909212226678408,
        0.265186055274346,
        0.30310419985077497,
        0.5971187094013463,
        0.08155725185283202,
        0.012390460272061588,
        0.9627965876890032,
        0.2884888842238714,
        0.9756631433366832,
        0.6351906623958733,
        0.5933402227788497,
        0.46040418182689435,
        0.08155725185283202,
        0.012390460272061588,
        0.6790106520958678,
        0.41463310036401857
      ]
    },
    {
      "id": 2,
      "modelEvaluation": -1,
      "attentions": [
        0.44552648510494086,
        0.8995058577926802,
        0.9715852799399574,
        0.6588204807267893,
        0.19909212226678408,
        0.265186055274346,
        0.30310419985077497,
        0.5971187094013463,
        0.08155725185283202,
        0.012390460272061588,
        0.9627965876890032,
        0.2884888842238714,
        0.9756631433366832,
        0.6351906623958733,
        0.5933402227788497,
        0.46040418182689435,
        0.08155725185283202,
        0.012390460272061588,
        0.6790106520958678,
        0.41463310036401857
      ]
    }
  ]
}
