{
  "gets": [
    {
      "id": 1,
      "prediction": 0.6564946174621582,
      "tokenized_sent": [
        "pz",
        "apiretico",
        "nota",
        "rossore",
        "viva",
        "dolorabilità",
        "livello",
        "scrotale",
        "possibile",
        "infezione",
        "ascesso",
        "sede",
        "pz",
        "attualmente",
        "terapia",
        "antibiotica",
        "pertanto",
        "rimando",
        "medico",
        "reparto",
        "eventuali",
        "modifiche",
        "terapia",
        "altre",
        "decisioni"
      ],
      "att_weights": [
        0.06362731,
        0.05795274,
        0.10198121,
        0.02811389,
        0.02167447,
        0.04719029,
        0.0408252,
        0.04838853,
        0.03239875,
        0.06270155,
        0.04252083,
        0.07308872,
        0.07054079,
        0.07996625,
        0.09504102,
        0.11296618,
        0.10223515,
        0.05515288,
        0.08663175,
        0.11925483,
        0.08131954,
        0.10716158,
        0.11523387,
        0.1424412,
        0.02675961
      ]
    },
    {
      "id": 2,
      "prediction": 0.9338634610176086,
      "tokenized_sent": [
        "ospite",
        "condizioni",
        "cliniche",
        "critiche",
        "soporosa",
        "non",
        "contattabile",
        "pomeriggio",
        "respiro",
        "superficiale",
        "non",
        "somministrata",
        "terapia",
        "os",
        "osservazione"
      ],
      "att_weights": [
        0.08170018,
        0.09024356,
        0.10332014,
        0.11788858,
        0.12979256,
        0.03774205,
        0.08062754,
        0.02497329,
        0.05474913,
        0.10590457,
        0.0347243,
        0.03852186,
        0.03264189,
        0.03897953,
        0.0985937
      ]
    },
    {
      "id": 2,
      "prediction": 0.9338634610176086,
      "tokenized_sent": [
        "ospite",
        "condizioni",
        "cliniche",
        "critiche",
        "soporosa",
        "non",
        "contattabile",
        "pomeriggio",
        "respiro",
        "superficiale",
        "non",
        "somministrata",
        "terapia",
        "os",
        "osservazione"
      ],
      "att_weights": [
        0.08170018,
        0.09024356,
        0.10332014,
        0.11788858,
        0.12979256,
        0.03774205,
        0.08062754,
        0.02497329,
        0.05474913,
        0.10590457,
        0.0347243,
        0.03852186,
        0.03264189,
        0.03897953,
        0.0985937
      ]
    }
  ]
}
